ID,Text,Label
98,"@JioCare @airtelindia T-1 Dear jio,what the hell service you are providing it is worst and very bad i am writing this email after  having no communication over your toll free no, i am using your network in New delhi but it is give speed in Kbs like 1 kb-10 kb it is not 4G,",4
134,Godüò¢ After all my preparations to watch Headies tonightIt started raining and now there is no signalDStv management pls do something üò≠üò≠üò≠ #headies2019,3
201,"Im living with my grandma now. I have no phone cause it die, well my sister throw it through the window and i have my wrist broken. What a glow up. And this stupid phone im using now is yoo old to let me post fancams or photos",3
278,"my ap psychology teacher just told us that for a project we have to watch a scary movie by ourselves, in the dark, with the doors unlocked, no phone, no nothing, and journal our physical experienceso sad to say that i will be deceased, therefore, unable to complete the project",5
285,"@ACTFibernet In the evening, I called your customer care where (AGAIN!!!) I was given a false assurance that it will be fixed in sometime but there‚Äôs still no internet. Your services are pathetic &amp; stop lying and giving false assurance",3
285,@TelkomZA my number is 0845902313 when are you going to sort this mess out no signal again Stop escalating and do something positive. I know its imposible do get any thing working in SA but lets try,4
301,@Airtel_Presence @airtelindia fucking worst network you are providing... no signal inside my house and you guys doin nothing.. jus showing fucking fake ads telling largest network on tv... gonna port out now.. switching to @VodafoneIN,3
315,Having no Internet makes me want to slice my cornea open and slip a leaf inside,3
320,No phone for a year https://t.co/vNqKglGHZ5,5
441,5th day in a row I've had no signal or data through to my phone. @O2 is going downhill. Definately on its way out. This is so poor I shouldav stayed with T Mobile. #O2 #POORCUSTOMERSERVICE,4
441,"The kids think there‚Äôs no signal but I‚Äôve found a corner and yes, that is our boat. https://t.co/IdYdGl7IqY",5
560,"@bouyguestelecom Another sunday, same thing, no internet! So disgusted! #NoInternetConnectivity #badservice https://t.co/bSOncTeGWM",4
575,Nomophobia - fear of not having mobile phone access,2
649,There is no communication. Such an empty space,5
902,"@ThreeUK Please help me out here, my phone still has no signal despite turning it off and on countless times. I've even traveled from the I.O.W to Surrey with still no sign of any signal. To add to this, my three phone number was meant to be transferred from my old three sim",3
917,"@selfawaresoup @la_mafaldita Ever travelled from Munic into Austria? By train (DB...üò≠)? There is virually NO internet reception before crossing the Austrian border, except when finally reaching some town. But, as soon as in Austria, zack, 4G (to be fair, nothing in the tunnels on the Austrian side).",4
1140,@SKYserves @SKYserves pls check dm. no internet since ystrday. i need to work. 671450248,5
1152,@huffman I hated that place - we had no internet or cable - I went fu-king crazy #Bullshit,2
1164,Dstv no signal. At this time? Sigh,4
1187,Im so sad I have no internet I wanna make my friends okay Minecraft w me lmfaooo,3
1225,"@sprintcare Over 2 hours and still no phone, what ...a...joke  https://t.co/BExAACKwsh",3
1232,This is boring no call or text to pull up no phone calls just been get my shit together day by day,2
1310,"@cswaters1 Remember: No shirt, no shoes, no phone booth!",5
1316,I can't watch any streams!! I literally have only 2gb of data left... Having no internet is hard!! I have to act like a human! https://t.co/lQ7vOK9MyG,4
1321,I fucking love being ignored. I ask a question because I need an answer not because I want to talk to you. Let's be real I'd rather have no communication with you.,5
1325,"I'm working in a pop culture event and no signal of a Madeline/Badeline cosplay, i'm so disappointed",3
1359,"Sometimes, I just want to abduct Jungkook and bring him somewhere quiet with no internet or cameras. I badly want to protect him from all the hates and negativities surrounding him. He doesnt deserve all of these! I dont understand those hatersüò≠ He's too pure for this evil world",5
1363,#NCAAF 10/185* Marshall +4¬Ω (-110)Sorry for the late post sent it earlier in an area with no signal and it didn‚Äôt go through. Let‚Äôs roll. #UFCBoston play will be out shortly.,3
1400,Hate having no internet,3
1428,"""When you crack your phone screen and @USCellular says they will overnight you a new phone: üòäWhen its been 5 days and no phone so you call back and get told """"oh, they didn't tell you they were backordered? Our bad. We don't know when you will get one"""": üò† Thanks USCellular üôÑ""",5
1434,I been having a phone since the 3rd grade . This the first time i been phoneless n im enjoying it,5
1477,Day 2 no Internet.Hot spotting off my phone is not good for streamI'm rather bored. https://t.co/tRgPyE7c58,3
1491,"Finally, I'm back!!!! Having no phone for more than a week is very difficult! üò´",1
1492,Happening rn: no internet or TV since 8am and Sprint data is out too. I'm roaming on another carriers network at stone-age speeds. &gt;:(,4
1496,"Almost Day4, no Internet, Case Release.......... https://t.co/ezoSdUsvIK",5
1513,@ThreeUK That's is wrong because I just turned my phone off and then on again still no signal,1
1534,No internet for 4 days want to cry,3
1627,@virginmedia since moving to Virgin mobile from EE my signal has just been getting poorer and poorer. I now have no signal at all. What's going on?!,5
1772,I hate that there‚Äôs no signal at the aquarium. What the helllll,4
1799,@mazoiwnl @ayyitsjayyyy No internet u wet don,5
1804,@TalkTalk We‚Äôve been wanting you to help us since yesterday but nobody has. We should have gone live on the 12/10 it got cancelled. We should have gone live yesterday. It hasn‚Äôt we now have to wait until 22/10. In the meantime we have no phone no internet we‚Äôve had to cancel Sky üòü,5
1983,"@PLDT_Cares Hi! No internet suddenly?! Paid on time, but why! And no one is answering cust svc hotline. What. The. Hell.",3
1987,LOL dem ah talk bout Kanye ting pon radio.. dat alone wudda mek mi change mi mind from go. Den dem ah talk bout no phone policy lmfao dat naaaaah work ah yaad brejin.,5
2075,"@NortonSupport That link is back to the site, there is no phone number. Please provide me with a number I can call",5
2091,"@RogersHelps What is going on with your service in Bramalea area? No cable, no internet, no work to earn money to pay Rogers bill. Don‚Äôt ask me for my account, give me information about L6T areas",5
2161,@Zuku_WeCare kindly check ac 263051...no internet,3
2181,@Telstra Regrettably yes. No TV no internet. No date when its coming back. I would call that unacceptable. Is there a team working on fixing it?,3
2183,@enjoyGLOBE 3 days of no internet is long enough! When will you fix this?!?,4
2189,"We are using pldt for more than 8 years now, still, we haven' t had a smooth ibternet connection. We have put up with your slow to no internet connection at all for more than 8 years. We've had enough. Ppease fix it. @PLDT_Cares",4
2194,Getting sick is bad. But getting sick and no Internet is the worse!!!!Tangina ng PLDC,3
2227,"""*** """"2020"""" -- """"From MELB. -- """"BLUE HOTEL? -- """"CAR PARKING"""" -- """"OUT!*** """"HOW LONG -- METRO TUNNEL? -- """"STATION! -- """"WORK GOES ON?*** """"FREE HOTEL APARTMENTS? -- """"BEFORE -- """"DEC. 2019""""? -- """"WE WAIT! *** """"NO PHONE &amp;  WI - FI? -- """"WE PAY!  üòÖ https://t.co/w6EkHbPTgR""",5
2261,@artofKnightJJ you after a week with no internet https://t.co/kKJLYU3uE3,5
2317,No internet since weds. Can't watch streams on twitch üò•,3
2326,@FreedomMobile no internet network service in Mississauga?,3
2357,@huffman I hated that place - we had no internet or cable - I went fu-king crazy #Bullshit,3
2385,No internet no food no medicines no mobile services yeah this is kashmir  which is a beauty of  heaven turned into darkness of modi's cruelty his Rss'S  cheap strategies.#74thDayOfCurfew #KashmirNeedsAttention #KashmirStillUnderCurfew @UN @narendramodi,5
2431,"Also, Id love to live tweet these events.Alas, theres no internet ",3
2488,@KhajuriaManu Welcome to No Internet World,5
2491,@ACTFibernet Too much disappointed with the service. This is the fourth time in this month that the internet is not working. Almost 5-6 days no internet for me. Still I have to pay the bill. They say it is known issue but still takes more than 48 hrs to resolve. üôèüèªüôèüèª....,3
2492,@TShaffer919 @pulte True because I have got the oldest phone ever and no internet so it takes me forever to get back to a tweet or post something. I am a fast those so that helps some. ,4
2588,I have no internet and I'm alone I guess this is my life now,4
2599,@CityPowerJhb What about Jukskei Park been out since 8pm last night and no communication around the problem.,5
2621,Im so done with 3 network  no internet connection abroad and now the network is continuously down ,4
2711,@ThreeUK That's is wrong because I just turned my phone off and then on again still no signal,4
2721,"Been making it a point to unplug at least 1 hr/day (or more)No screens, no phone, no internet AT ALLSometimes smoke a bluntBeen doing this more and have been getting WAY more good ideas recentlyConstant stimulation is fucking terrible for you",5
2762,"no internet the rest of the night,i'm shut off,as fucking if.",3
2764,"no phone in sight, just vibin https://t.co/tqFJ9PPHuv",5
2782,Only people I answer the phone for is my mama my daddy and Stanley other than them you might as well text cause I don‚Äôt like talking on no phone,5
2799,am phoneless yerr I hate this!!,1
2817,"""Hey @JohnLegere - what's with the utterly craptacular service on Capitol Hill these days? It is the most populous neighborhood in Seattle and my phone says """"no internet"""" on the sidewalk outside my home. WTF?? #noservice #tmobilefail""",3
2838,still no phone :(,2
2980,@finleyjd Yikes! Our power was out only 3+ hours. But the Internet was out all day. No internet also = no phone. (No cell service here!) Had to drive into town to find out school was cancelled. #ruraled #ruraledchat #nhed,3
2982,@UPSHelp and no phone call....,5
3000,@RCNconnects no internet WAtertown MA. What‚Äôs going on ?,5
3012,@TheLondonEye Hi - I am trying to book some tickets but the website is not working and you have no phone number to call.  Please Help?,5
3034,"@OnceUponAParsec Kindle with my favorite books (no internet in space), laptop with downloaded Netflix series and music(assuming enough power to keep the battery charged), and my phone with games on it",5
3037,@SimmerSuzy13 The no phone panic is so horrible!But omg fridge  GLAD ITS FRIDAY!,1
3062,"He usado Shazam para descubrir Rock With You, de Michael Jackson https://t.co/9HfcGc5VTn #OffTheWall  (1:44am,17/10/19)now only temporary WiFi i can tweet real nightmare to have no Internetüò£ @michaeljackson @whoisitbad @TheMJCast @TheMJLegion #MJFam #SquareOneMJ @RadioRockAndPop",2
3075,@Airtel_Presence @airtelindia worst network provider in the country.  Just now tried to called customer care to give complement of the same. But even not able to talk with him for 2 seconds. As no signal.  Signal strength poor and same about internet .,4
3146,@ninsoup I think I found out why. 1. I believe the plus release stopped being produced 2. Family that has no internet connection/data cap. 3. It's way easier for Sega to produce,5
3167,@koishikute @terundoru @DustyAnimemes We'd go on vacation for one or two weeks at a time to a house in France with no internet availability whatsoever so I would print fanfic to keep myself entertained (and then get scolded for wasting expensive printer ink üòÇ),5
3202,Virgin sim internet Downloads speed  and upload speed some times more less speed internet keep dropping connection sometime no signal https://t.co/Jl71P7SbgV,4
3303,"Immoral dishonest cong/comm gang is crying for no Internet for 60days. But no concern for taking away fundamental rights of 200,000 valmikis, 700,000 Hindu refugees from sindh /pak, Bakarwal, Gujjars from 70yrs by horrible article 35A and 370  https://t.co/qWaAo2YT97",5
3310,Two consecutive nights of no internet and cable connection. Tapos wala pang signal sa loob ng unit. How can I survive? ,3
3318,"""@Xfinity @callMe_ACP I use xfinitywifi and i pay for it weekly but it seems to not be working and constantly says """"No Internet Connection""""""",6
3347,"@iD_Mobile_UK I'm looking forward too my bill being slightly less as for the past 2 days my phone has been useless without any wifi...no calls, no texts and no internet!",3
3365,Imagine paying 50+ a month for a phone to have no signal for near enough a fortnite  love it @EE thanks,4
3412,"@aristondo_g @byzantinepower Not even that. There was no phone or Internet or printing press.It took 500 years for the schism to materialize, end of 17th century, which jibes with Battle of Vienna 1683.Up until then inter communion continued.",5
3489,"@mattybannond I eat alone in public whenever I can and I love it No book, no phone I just sit and enjoy my food ü•∞ bliss!",5
3504,@Azarazua94 @Apple no phone is waterproof today,5
3572,@im_wesleyjatt @ThreeUK It shows how much we rely on being connected! #nomophobia,2
3575,"Log entry 3:Workshops in the back of the building have no phone service üôÖüèº‚Äç‚ôÇÔ∏è, while the front has amazing receptionüòç. So.... do I go to the back and learn something new... or do I take a course on ‚ÄúHow to use technology‚Äù ... and practice for the @ProBrawlLeague  ü§îü§îü§î",5
3635,@badassjadon Gotta go in town. They ain‚Äôt got no phone üòÇüòÇ,5
3636,"every time i think my life is getting kind of rough i remember the time period where ~i had no phone, couldn‚Äôt move my neck &amp; had to take icy hot to the bar with me, &amp; then someone hit me with their car while i walking in the gravel lot~ and i know it can‚Äôt be worse than that",5
3645,@ThreeUK I have turned my phone off and then back on again and still no signal what is happening,4
3810,@ThreeUK  yesterday no internet  today sooo slowly whyyy????????????,4
3849,you wanna kno whats worst than being phoneless while you're phoneless.. being wifi-less when u aint got no communication to the world smh,1
3858,"@ThreeUKSupport any reply would be nice. First I wasnt allowed the new airpods when I ordered the samsung phone in the correct dates, and now no internet access, cant use my PayPal machine. Cheers, I've lost so much",3
3901,"""@DanielAshley13 My internet tends to stop when I'm close to home but not in it because I get slight Wi-Fi from home.  Enough to trigger but not enough to use.  Not being able to """"call"""" no idea but it would explain text but no Internet""",1
3904,Welp so much for getting to work early...üò≥üòÅüò§ Power dip in the building... Lines down.. No internet... No nothing.. Grrrrrrr...,4
3910,@HitachiHomes Madam no message from Hitachi care and no phone call,5
3977,@mariebudgie1 I had that the other night off Sky. No Internet or land line.,3
4021,So I'm frustrated because:- No communication from my MP- No movement on electoral reform- Piss poor rollout of legal cannabis- No serious plan to move from fossil fuels other than to move them from Alberta to elsewhere via rail or pipe- No regulation on usurious phone bills,5
4143,i have no phone but i must tweet,2
4257,So with no internet except my limited back up im forced to finally  fi ish watching bleach on dvd. Imagine owning every episode and never finishing the series lol.Just reach ep212. Urahara is a fucking G,5
4281,@AsdaServiceTeam Been told by your customer service team to be patient as I await for my delivery which is now 1.5 hours late! Not good enough; no phone call and no lunches for my family tomorrow - not the first time Sittingbourne Asda.,1
4289,@ThreeUKSupport It's been on and off since in the Anfield area of liverpool Still no internet now !,5
4379,"@ThreeUKSupport my phones totally down keep getting no signal can‚Äôt text , call or use internet",2
4415,What the fuck is wrong with @ThreeUK I still cant get access to any of my apps on my phone it says no internet connection,3
4439,No signal 3 is skatty as fuck,1
4484,"@BBCBreakfast About time too. Fuming that they blame customers and our devices when it's literally everyone that can't get on, and when I did have signal (none now) there was no Internet.How they act now will decide whether I demand to leave my contract as my phone is essential as a carer.",5
4529,thank you everyone who DMed me. not to worry. i don‚Äôt have internet at my house cause i live literally on the water and no phone for the moment. here is the view from my dining room okay https://t.co/ra2JjP6Lt2,5
4555,@BBCBreakfast I‚Äôm unable to use any thing with my phone. It started going weird on Monday with loss off signal for short periods of time and data going down I thought it was normal to wake up with NO SIGNAL USE at all!,3
4570,"@ThreeUKSupport when will the network be sorted as I'm abroad and have no internet and signal, have had this problem since around 3 o'clock yesterday afternoon",2
4580,Come on #threemobile - get your finger out! Still no internet service here in #Newark #Nottinghamshire and the best you can offer is 'try switching your phone on and off'??? Not much help for broadband customers!!!  feeling frustrated,4
4611,No internet in Cardiff this morning on @ThreeUK or is it just my phone? Had this issue on and off for a few days now...,3
4713,@cKcDillpickle @DJSnM @comcast I'm using my cell phone hotspot (most days) for my internet... But having no internet is worse,3
4829,"@BBCBreakfast Yes, all our phones have no signal (myself &amp; my two children), unable to make or receive calls and texts ü§∑üèª‚Äç‚ôÄÔ∏è @ThreeUKSupport",3
4863,@VodafoneIN Dere is no signal at my home .its  been 6 months I am complaining ..Kro kuch bhai..,1
4869,@ThreeUKSupport  Hi can you please help I have had no internet so CE early this morning ( I have tried multiple reboots ) and my wife and kids hame the same problem ‚òπÔ∏è,3
4872,Morning Twitter! Was quiet last night as I had no signal for some reason. @ThreeUKSupport  care to explain? https://t.co/X1udsLEJQk,5
4913,"@BBCBreakfast Been down since half 11 last night in Burnley, working nights with basically no phone to use is painful. Wouldn‚Äôt even mind if they just communicated with us! Shocking behaviour @ThreeUK  #threedown #threemobile #ThreeUK",3
4931,@threeuk @ThreeUKSupport no internet signal in East London today? Whats going on??,5
4952,"@ThreeUKSupport no phone, no internet, no email, no customer support..why is the network down?",5
4969,@ThreeUK is Three down? I have no internet (unless connected to wifi) and no signal? Im in Kent.,5
5077,@lesboraa i dont even know lights bcs i had no phone when it releasef,5
5079,@_sajaaa_ @ThreeUK still no signal ffs,4
5144,"my house is more boring than school rn, having no internet sucks ass",3
5163,"Please help #TeamPulte and other #TwitterPhilanthropy teammates.  Please share how I can get me and my kids on a ‚Äúlist‚Äù for help.  In less than 2-hours I will have no phone, and no connection to my special needs child while at school.  Circumstances are dire.  I‚Äôm at wits endüò≠üôè",5
5181,"Can someone be my pen pal? I want to write letters. Legitimately. No emailing, no texting, no electronic stuff, no phone calls, no morse code light signals. I'm sending you a closed envelope with my personal writing entailed. Dm if youre up for it.",5
5265,"""@iamMVP @PLDT_Cares @PLDTHome what is the escalation process for customer and tech support? I asked to a speak to a supervisor and  a manager but the agent refused to escalate me. When will the """"major network trouble"""" in Alabang be fixed? It's been 5 days of no internet and phone""",1
5332,@ThreeUK what‚Äôs up with the network Three? Had no signal for the past hour https://t.co/ocY6olsqQH,5
5336,I was annoyed I had no signal then I saw this tweet and laughed Three wins Twitter today  @ThreeUK @ThreeUKSupport @TheO2 https://t.co/qiVpiIivod,4
5348,"@BraveTheWorld They had no electricity, no plumbing, no air conditioning, no cars/planes, no internet, no antibiotics/modern medicine... Yeah no thanks.",5
5375,Just hooked everything back together after painting and there‚Äôs No Signal ‚ò†Ô∏è https://t.co/uJN4y6jlhS,3
5403,"@AndrewErwin19 @Chime @Chime Your business practices are horrible. No phone support, no chat support, just holding people money hostage. DO NOT DO BUSINESS WITH CHIME!!!!!!!",5
5410,@LIRR The 711 to Ronk was 8 min late to CI this evening with no communication or announcements. Mylirr even had it departed before it even arrived. How are $5b going to fox these issues?,5
5447,So Three is down and my WiFi is a piece of shit soooo no internet for me,4
5466,"Woke up to no signal, got it back and then lost it. It's just returned but I don't know how long for. This is a rollercoaster of emotions. I was not prepared. If you're reading this... stay strong... be safe #threedown",3
5489,@AGMalfavon @JohnLegere @FCC No phone will just update to 4G,5
5503,@airtelindia @Airtel_Presence Neither getting 4g nor 3g in my area even after selecting 4g manually. At times no signal at all,3
5511,@iiNet is your Canberra connection down or is it our modem? No phone and intermittent internet.,4
5520,Got home and there is no internet connection. You know that sticker that shows that one fursona slamming his head on a desk. Thats my mood rn.,4
5532,"Finally @Airtel_Presence won the company&amp;customer battle for not providing services,i was facing NO internet issue from past 10 days,and now finally i have decided to switch to @reliancejio ,thank you my dear freind @ashishcsanghvi for your suggestion.@TRAI @airtelindia #airtel",4
5533,"5.30am and no internet. Slight panic. Thought it was my router. Thought it was my iPad. Then thought it was the end of the world. Brain told me network problem, soul died. How did we ever live without the internet before???  #threedown",3
5536,"@Ask_Spectrum Any issues around Indian Trail, NC ? No internet ...",5
5547,"@ThreeUKSupport my phones totally down keep getting no signal cant text , call or use internet",3
5556,Suprise suprise they aren't answering the phone @ThreeUK disgraceful service. Still no signal what a joke. Try unplugging it and plugging it back in again. That's what your always telling us to do. How much longer? https://t.co/ZOIt0leMxx,3
5561,@ANTIFA_lawyer @danielmarans @DNC #Oligarchy will never suffer no matter who's squatting in the White HouseAll those pols being pd to NOT listen won't suffer eitherWe MUST make them sufferONE 24 hr #GeneralStrike - NO work - NO purchasing - NO Internet - and we could bring them to their knees,5
5591,@TFMRadioNews @ThreeUK i still have no signal,3
5629,@hippxe @FLOWJamaica Restart and it should be fine. I saw no signal for bit but I‚Äôm back up now.,5
5652,No internet connection for hours. Now been knocked off network. What's going on????? @ThreeUK  #threedown,4
5671,"So I've driven to Quirindi to get service. Currently still have no power, no phone service and no coffee in Werris Creek. No idea when any services will be back :-(",5
5680,@Shaleahhh Play dumb all you want ion do no internet shit just know when i see you it‚Äôs BAD should‚Äôve kept her name out your mf mouth,5
5694,"""@NathanTrout @ThreeUK Yeah, even when they are """"working"""" they seem to be getting worse, poor or no internet despite strong 4G signal.""",4
5702,@ThreeUK frustrating as there's no signal. Had to come home after school run to check my WhatsApp and emails as most of my work communicatiin is via them. On call with 3 support for 30 mins still waiting. Pathetic as nothing has been communicated by three,3
5719,@ThreeUK @ThreeUKSupport @Ofcom Sort out your god dam network it's keep going off and on and getting no signal. I'm filing a compliant and want two months worth of free bill. Outrageous complete out of order no communication from you. #ThreeUK #threenetwork #threedown,4
5720,@manxiouslife It's dreadful- I only have mobile data at home so no data no internet.,3
5731,@Project_Veritas @CNN Why does Biden mention the 17th. Trump will be in Dallas Texas on the 17th for his rally! Are they planning an event and Biden just slipped? Do we really believe that Biden has no communication with the Renegade. Biden is the dam! If he falls they all follow! Too much to loose!,5
5756,There is NO internet in my current airbnbWhich means no ffxiv tonight ))):,3
5818,"@shazWeb44 Yes thanks hunny really well just got back from Tunisia after 2weeks away  no phone or tablet just total relaxation,back to reality soon though üíãüíãüíãüíã‚ù§Ô∏è‚ù§Ô∏è‚ù§Ô∏è‚ù§Ô∏è‚ù§Ô∏è",5
5822,"@adored_2 @DevinAbbas @donholtmac @heart3626 @JustSayingWhat1 @commonsensejan @Lalanamour @michellmybell1 @surgerysleeper @soulslide @TertiusIII @nico_manocchio @Simple_Shaman @slim_mirokujin @Denbar64 @TrumpDumpCards @robster16a @ManCreatedGod1 @DianWChain1 @S_A_Malcolm @TheChristianWa3 @zalphaprime @CarolCpmgasser @malo_j @Cant_Read_Maps @BrandonCreek63 @Loriniowa @Janetb172 @geraldpayne25 @Thagraysentinel @AlhamdulilahTV @CindyJC007 @LeannEAF @NRA_TacoBowl_MS @FeatherEW @Y2Krashman @TDude713 @TedPerkins10 @sethgambee @mark_georgiou @rachel7remnant @DawnRLFreeman @2Cents69 @StandBackUp2 @Squirrely99 @orna_verum @halcyondon @Thedukeistheman @OMidwinter @fasting39 Are you suggesting plants are conscious?P.S. Plants communicate by means of chemical signals. Just as brains produce minds via chemical signals. No chemical signals, no communication. No chemical signals, no mind.",5
5865,@ThreeUKSupport What is going? No internet last night so couldnt get a cab home and now I cant even call to complain?! Bad services has been going on for way too long now!,4
5884,"@daciauk @renault_uk no insurance company will insure your courtesy vehicle abroad, so back to no car and no communication from yourselves. No help at all! So between you, no parts, no car, no customer service! Trading standards next stop?",5
5907,@ThreeUK  what the hell is going on. Ive got 6 contracts with you and non can be used due to no signal. My boyfriend relies on his phone for work and I rely on my sons as he has disabilities. I hope your giving some compensation out as Im paying around 200 a month to you.,3
5910,"Fluctuating signals + no internet for the ENTIRE morning.Its no wonder they offer the best data plans, because you can never use it!",3
5937,@fras99 A cage in an immigrant detainment facility for life without parole and no internet or tv,3
5955,@ThreeUKSupport no signal in Cardiff and S. Wales valleys. What's occurring? #nosignal #nopogo #allmygsaregone #ineedinternettolive,2
5993,Me this weekend. No phone. No nothing. Just peace https://t.co/F1eGDp2eL6,3
6032,If you a female I‚Äôm dealing with I gotta no phone policy when in my presence.,5
6035,"A state-sponsored opioid response team is announced -- We'll tell you all about it. And, see how a Queens school is combating food insecurity. Plus, a new word, nomophobia: what it means and how it affects young people. Tonight on #ChasingNews with @BillSpadea. https://t.co/vYQAYpNNX2",5
6102,Having no phone and using this iPad is TRASH,1
6145,@naukarshah Only for 75 minutes? No internet?,5
6147,"@FirstNorwich Hi Liam why are all the 23s going g out of service into the city?  No communication from your company to say why and I want a 23 not a 24, completely unacceptable",5
6185,ah youre gonna die @RCNconnects why isn't this fucking TV working? why is hers stuck on a channel again? why is there no phone here? but yet you sent a fucking bill here? you cant be saved,5
6233,I‚Äôm chargerless and head phoneless I need to get the fuckkkk off my phone ASAP !! Lml,5
6252,"Working on some sick edits, but my pc has no internet, my fucking wlan works but lan not, and my pc has no wlan btw...",4
6281,I think I may have taken care of the phone call issue. I slept until 9:30 this morning with no phone calls waling me up.  I went to my spectrum settings and found out how to block numbers.  (If you go to your... https://t.co/mBSWrtCjHu,5
6363,"@bookdepository am so bored and tired now of trying to get an answer to an issue from this company I feel like my heads going to explode One book going missing or unposted might not be an issue to them but it is to me , and no phone number to contact",5
6394,In 2019 there has to be a better way of distributing tickets than what we've seen at Celtic this morning.No phone queuing system.Hundreds waiting in the rain with no updates.Zero communication from the ticket office or the club.For a business this size it's beyond belief.,5
6463,Nomophobia is the fear of being without your mobile phone or losing your signal.OhMayGASTOS MAHARRRRSOhMayGASTOS MAHARRRRSOhMayGASTOS MAHARRRRS,5
6482,@ucoz_en I have had no communication on the deletion of my site. It had a lot of work on it. Can I have it reinstated or a way to.,5
6675,"@Bajaj_Finance It's quite hard to get in touch with you guys and someone else from same company wanted to sell insurance to me!!! Come on people, I have even sent email to speak with you guys but no communication yet.",5
6709,@Eskom_SA @CityofCT and I see an article from last month saying there is struggle due to people opting for off-grid electricity??? That‚Äôs YOUR problem not ours. No organization. No communication. Just disappointment as per usual,5
6761,"Dear @VodafoneIN , from last two no internet connection in my area. Kindly do the needful ..",5
6864,"@davesprom @Angie51peace @RudyGiuliani Good to know the Capital has a jail. Put Giuliani, Pence, Barr, and Trump in there; lose the key. No internet. We‚Äôll see just how much they adore each other after a day or so. Who gets the top bunk, who gets the floor. #ImpeachThePres",5
6947,Modern #junkie:People who try to use social media on a place where there is no internet connection.,5
6963,no internet access ang wifi,5
6981,"No Communication For Hours Is A Turn Off , I Hate INCONSISTENCY ‚ÄºÔ∏è",1
7007,"@land_terri @onlydutt AS I SAID WHAT EXPERIENCE DO YOU NEED TO BUILD HOMES IN IRAQ. YOU NEED 3 WALLS , NO WINDOWS, HALF A ROOF, NO TOILET, NO INTERNET, NO ELECTRONICS.. WAIT I CAN DO THAT , I GOING TO BE A BUILDER.WHOWAAAAAAAAAAAAAAAA.",5
7016,Having slow mobile data speed and no internet makes visiting Twitter rather difficult. Who knew?,2
7061,Hey @vtechtoys - I have a gogosmart Minnie Mouse around town playset.  It didn‚Äôt come with screws.   It‚Äôs not even listed on Your website and there‚Äôs no phone number to call.    Can you just tell me what size the 8 screws are so I can finish putting this together???,5
7112,really have no internet still but this fucking movie on my computer I forgot I had? it's fate https://t.co/wYJFpaMsa5,3
7134,Hey guy I know from the local bar scene this is for you. Just because she weighed as much as two people that don‚Äôt mean you had a threesome so STFU about it. (Message will also be delivered in person I‚Äôm no internet tough guy),5
7161,I just spent half a week with no internet and I realize I'm a bitch.,4
7656,"Pisses me off how much landlords take the piss with younger tenants. Students in my gaff have been here for 3 weeks and there‚Äôs still no internet &amp; we‚Äôve only just got a kettle/ microwave/ toaster. Over last 4 years I learnt, soon as they have your money they don‚Äôt give a fuck",5
7770,@notvalid302 @amnrfqhsm Dm aku x funtion la. Kne verified no phone. Dm contact la,5
7785,"@Redheadedchinny No internet in the 60s-80s. The toxic assholes could only spew their venom to their friends while huddled in their mother‚Äôs basement. Now, they feel powerful because they can upset everyone with little effort. But they‚Äôre still losers hiding in a basement.",5
7825,"@XiaomiIndonesia i have no phone for college, mind if i get one ? @atytse",5
8204,"After rebranding, i can't hide they joy of watching @K24Tv every day. Informative news, great entertainment and good viewer's interactions, but I won a movie ticket last Saturday but ine in the #Arena254  and after sending my details no communication. Movie- #CoercedRevenge",5
8218,@flipkartsupport NO COMMUNICATION between @flipkart and #ekart #delivery service. Been 6 days and still waiting for them to #update &amp; #return #defecting #appliance ! #CallCenter is a #lost cause! @amazonIN wish you had the same product. :( #consumer #aftersales #pathetic,5
8292,@RealKenBruce Bluetooth off till after popmaster. No phone calls or interruptions till 10.50am.,5
8465,Today is Tuesday and there has been no internet since last Friday @FLOWJamaica ... why this always a happen ?,4
8486,@WhovianLeap Got no signal.....bloody Vodafone.,1
8598,@UberINSupport @Uber_India @Uber @UberEats_IND I had ordred from Keventers City Centre 2 Kolkata for Rs 550.35  and the order was cancelled from your side. So far my money has not been refunded even after so many emails and no communication. #UberEats,5
8650,@Yetanotherrando @CttlD @TheKouk Don‚Äôt mean to brag (yes I do) but I thought up the idea of airbags in 1965 - no internet &amp; didn‚Äôt know any engineers so no way to tell/ask anyone. Now we can happily make fools of ourselves with our ideas on Twitter. üòÇ,5
8661,Say what you want about Columbus but without him there wouldn‚Äôt be no Internet,5
8839,@RevolutApp is there a way I can manually add an expenditure to the app. I‚Äôm doing a month where a lot of my spending goes through your app and one place had no signal on their card machine so I spent some cash that I would like to add the the expenditure report.,5
8978,Kofi's Readings Pt 23 Lessons:Life with less internet is wonderfulLimitations you can‚Äôt control have their advantagesDeep focus is powerful when you have goals to achievehttps://t.co/5PFOrzzuUO,5
9022,"Jammu And Kashmir: After 72 days 4 million off the 7 million mobile phones receive voice services, but no internet yet. #JammuAndKashmir #Jammu #Kashmir https://t.co/2slBLRfTdp",3
9108,"@yApologize He‚Äôs in training, he has no communication, it would be another 3 months before I can talk to him",5
9217,@paul_lander They‚Äôre actually phoneless booths. You have to bring your own equipment.,5
9255,@Kinesin_Loot @SkyHelpTeam @TerryBlaney62 My service status says everything is ok but I've got no internet,3
9266,"@SkyHelpTeam our broadband is completely down. Lights are green, yes it's plugged in yes the WiFi is connected but there's no internet access at all. I've tried a soft reset and now a hard reset but no change",3
9363,I cant stand a gossiping ass female with  no communication skills . Mind your fucking business.,5
9383,Never use @Postmates. Their lack of communication is horrendous. They messed up our order by having the wrong driver pick it up. They provide no easy way to reconcile. No phone number. They just called us and said to contact basic number. No easy support.,1
9392,"No phone call in 3 hours. I called them to say I‚Äôll be returning car tomorrow. Now their manager is about to call me, apparently.",5
9397,@jaydawt I bet you they'd write it this way even if there was no internet.,5
9439,"i need to lock myself in my room &amp; just study lmao. no phone, no distractions.",5
9472,@arjunsethi81 Only post paid mobile no ore paid which is commonly used and no internet,5
9529,"Now the worst part is I am facing horrible connectivity and no internet ,thanks to #Idea . I can‚Äôt make calls , signal poor ,call drop and no internet .Why should I face burn of your merger when Idea can‚Äôt improve its connectivity .@Idea @VodafoneIN @idea_cares @VodafoneProbs",3
9558,@daniellemeiu hahaha i'll have a new one in a couple days! kinda loving the no phone life,5
9589,"On a slow, wet day I found myself wondering, for no particular reason, how many famous people, celebrities (whatever that means) enjoyed walking/hiking. I could find no internet reference point and so decided to create one. See https://t.co/5NJ3lQOcXVAny recommendations welcome.",5
9765,@Ibne_Sena @JioCare @Airtel_Presence @JioCare @reliancejio @Airtel_Presence @airtelindia do something through which people in J&amp;K can recharge their numbers through calls. There's no Internet for them how will they recharge.,5
9822,@Lili28Lls @FlaviaMiatto @manuelamariazbb @DebraVi91710578 @be1tt2h @Julianna_BJ @teeni67 @bjchris01 @IngaSubac @monikaug22 @mura_morena Have a wonderful new week Liliana and all üß°üé∂üå∫‚ú®‚òïÔ∏è‚ù£Ô∏èsorry may not reply will be going back to no signal apartment soon xxx https://t.co/fGoGS3SkUs,5
9945,"@mpc1980 @__Helicon__ Yeah I'm down to the pint where if you want to keep on believing fatcs that have proven wrong  and here I mean from cover to cover , then may be they need their own fantasy land with no science ,.no internet , no vaccines , this way they can die at 35 like their creators wanted",5
10079,"@AskPS_UK Turns off after 10 seconds every time. No signal makes it to the TV. It beeps, lights up blue, then dies after 10 seconds! My third one!!",5
10138,"$350.00 plus a month for this crap!! Today she's had no signal for over 5 hours, but still has a bill!She signed up for TimeWarner $92.50 monthly bill @Ask_Spectrum takes over hikes her bill without permission or knowledge to over $350.00 a month!An 85 yrs old bedridden woman https://t.co/zZdWRoF1JA",4
10171,"Jammu And Kashmir: Postpaid Mobile Services Back In Kashmir After 72 Days, But No Internet https://t.co/yhO1JpRb4y #NDTVNewsBeeps #Kashmir https://t.co/CmTFVnbPwG",5
10260,@MonaScotia @IlhanMN @AOC Go to your room. No internet for a week.,5
10315,What am I doing with no internet?! Watching the Canadian Debate from 10/7. It‚Äôs an educational debate that‚Äôs not much different from our own. Cool seeing multiple parties there instead of just two.,5
10336,@Uber_India @Uber_Support @Uber it‚Äôs really atrocious no replies no communication nothing. Has been done by Uber to handle the issue . The issue is a big one and to be taken seriously yet nothing has been done still about. Not a single call to address my issue,1
10561,"Lowbat, no signal and brownout. Ahays pavia ü§¶‚Äç‚ôÄÔ∏è",5
10616,@TPG_Telecom Why do you claim to include a phone line when there is no phone line now you get NBN?  Even the NBN doco says you loose your existing phone line. Isn‚Äôt that false advertising?,5
10645,Survived 2 weeks with no internet üòµ,3
10811,i treated school like social hour and it was so good for me. no one understood that i basically sat at home in my room with no internet or cable for the majority of my childhood. i needed that shit!!!,5
10938,@CofekRebranded @SafaricomPLC I have been buying internet bundles From Safaricom for the last three days but there is no internet. Safaricom should be forced to compensate us. I am speaking for the silent majority.,3
11062,"@ACTFibernet been calling ur cust care regarding SR10230941090782, its more than a week no communication. n when I call cust care wait 20 mins n my number in queue comes close to 1, u disconnect me, u ve wasted an hour of my time in ur queues disconnecting after 20 min waits !!",5
11156,@VodafoneUK terrible service! In store won‚Äôt refund a faulty handset as it‚Äôs over 14 days &amp; customer service say I need to take it in store! Daughter still has no phone (Birthday present) &amp; I‚Äôm thinking about cancelling my contract too #badcustomerservice,5
11315,@Three_Is_Broken @ThreeUKSupport @ThreeUK The only reason I'm staying with them is because they are the only network that will give me 5G at no extra cost but other than that it's annoying having no signal üò°üòî,3
11318,@ACTFibernet @ACTFibernet still no update and no internet,5
11337,"No communication, still i love youüôÇ",5
11369,@SKYserves Why is there no internet connection at davao city?????,3
11415,Potang ina no internet connection,5
11454,"kashmir lock down 3rd month no food/medicine ,no internet/ telephone,no schools/ colleges ,no office/ no shops No one can enter or exit Kashmir still Kashmiris protest when ever they can  defying strict curfew#LetsUniteForKashmir",5
11479,"Can someone at Jet2 give us information on the LS1220 NAP-BHX flight today, absolutely no communication from Ground Staff other than go away from departure gatr and check the notice board. So unprofessional!!!",5
11674,"@bretharris4 Couldn‚Äôt agree more Bret , they were beyond useless The linesman in front of us was pathetic- just no communication with the referee at all - I thought the Officials were meant to be a team üôÅüôÅIf an assessor was watching they will be sacked üëçüèº",5
11693,@4m1r4hb I thought its a no phone day for u,5
11713,@PLDT_Cares Ref# 31587172 - No dial tone since sunday and no internet since yesterday right after paying our bill.,3
11764,@MoisesSantana__ No signal in that bitch till now lmao,5
11797,@whonosey @We_Have_Risen @yigsstarhouse Phone no phone. Just the angle? https://t.co/2fWwAkRNvS,5
11915,No internet connection in the train.  Dammit,3
12015,"Tikona has no internet service and it gets down in every 12 hours, countless trouble tickets with no resolution. I'm not getting internet and still forced to pay internet bills, Location: Andheri (Mumbai) @TikonaTIL @TRAI @DoT_India @jsdeepakias https://t.co/VwHzt5ccC6",4
12025,"As a child my dad re-married, months later he called and said his wife didn't want us around anymore and he wasn't allowed to see us. No more Xmas, no bday cards, no phone calls. My mother an abusive alcoholic claims we had a wonderful childhood. Not sure why I'm so screwed up ü§î",5
12172,"Also, I hope I get back my data, asap. I am being paranoid and losing patience with no communication from your side regarding this issue.I had a lot of content on my page, and a lot of time, energy and money was put in. I don't want to hear any regrets from your side. https://t.co/ePHGbdb7sk",5
12329,Cool i guess i have no phone now.,5
12342,"@JayTea1993 @verizon @TMobile Where I am in central nj, I just switched from At&amp;T after 13 yrs. t-mobile network is better here (no internet blackspots where internet drops) &amp; is faster. I also saved $40/month unlimited from 12gig with roll-over on AT&amp;T...",5
12350,@thewire_in 219 million $  business of apple was done. Now it's all gone. Total business loss 1billion $ till now. How they call for ambulance when in need. No phone call. A pregnant lady had to walk to the hospital in labour pain.But we are celebrating! Karma will serve every1 right!,5
12434,What‚Äôs your favourite way to waste time with no internet?#AskTwitter,5
12494,Most mobile home parks I have bought come with a standard sign design - a 4'x8' sheet of plywood with a faded poorly written name on it and no phone number. This must be a popular design because I see it everywhere.  https://t.co/rR77n0nxmO https://t.co/BpL4vz4XCr,5
12537,No phone for at least 5 more days. This'll be fun,5
12709,@CUPCAKEWILLIAM6 @formerrepublic7 I want the military to go lock him down in a TV free room in the whitehouse. No phone.,5
12847,@yugvibes Oh and ofc no phone bc the bathroom was in my place... I had to wait for my roommate to get home,5
12866,So wide awake at 5:20am and to make matters worse no Internet https://t.co/h4mtMMThZ5,3
12877,There‚Äôs no communication at this job sometimes man ü§®,5
12903,Hi @YodelOnline i was tracking my delivery this morning and recieved no phone call or card and my delivery has been updated to say a card has been left and they were unable to contact me. I need this delivery today.,5
13062,"@MyntraSupport @myntraHi Myntra team. I have ordered clothes on 3rd October 2019, yet not received the order. There is no communication, no order updates..What's going on??May I get any explanation on this?? https://t.co/DN18Pb3k4l",5
13070,No phone.,5
13153,Now my internet is fucked up; ethernet shows no internet and i go to adapter settings and it says cable unplugged idk what to do,3
13181,I‚Äôll be away for the weekend and potentially have no internet for 4 days. So until then. Bye üëã,5
13213,"Today ƒ±t's my son's first school trip.I basically scratched him off the floor and dragged him to the bus. He waved at me like he would never see me again.When I was 6,my mom send me on summercamp with complete strangers in a complete different place, no phone, no cash,no letters https://t.co/a9frXVVDZz",5
13218,@AlecKazamm I live on a boat with no phone service and internet connection I‚Äôm good bro,5
13255,Adobe illustrator doesn‚Äôt require no internet so u kno I‚Äôm always cookin up,5
13305,@sprint what is this? Why do I have 4g data and no internet? https://t.co/SMRmUp8vCA,3
13310,Mauricio is on a retreat and has no phone signal so it looks like I wont get to talk to him or snap him for the next 2 days AND I ALREADY WANNA SCREAM,4
13462,"""Switched to @Spotify from @AppleMusic and what a mistake. @Spotify keeps saying no internet connection. Not worth $10 a month, back to @AppleMusic where """"it just works"""" everyday.""",4
13507,üò∫‚úè ‚Äî I dont know what you want me to say. Amber has the E1 and New role. Myself well lets just leave it at that...almost a week with no communication...do what you‚Ä¶ https://t.co/V5ae5Q0DiG,5
13539,"""So we've had no communication from Ubisoft into why Doki was banned. ESL have banned him with no information from Ubi and just saying """"we have respected ubis in game decision blah blah blah"""" and yet things will just move on. Cant we actually do something to stop Ubi using ESL?""",5
13574,"Chick-fil-A employees are TOO nice üòÇ mfs jumpin In Sewers to get a customers phone, and then paying for their meal!!. Couldn‚Äôt be me üíÄ she would left with no phone, a chicken biscuit, and a RECIPTü§∑üèæ‚Äç‚ôÇÔ∏è My pleasure..",5
13591,"*No ambition*No communication skills*Future visions that don‚Äôt mesh*She don‚Äôt suck peepee *And TOO needy, it‚Äôs ok to be needy. Not OD though. Y‚Äôall hoes be OD https://t.co/nYf68Sgf6h",5
13760,i wish i was born a couple generation back when no phone existed :/ and soul music was it :/,5
13786,@setholdmixon @KhawajaMAsif @nytimes Its silly when ur family have no food no water no internet no phone no medicine no schools no news paper under age kids in prison killing everyday and media show u about 21 time but media buzy  every hour showing that much use of Mobile can effects ur eye how u feel,5
13821,I‚Äôm so over being phoneless that I‚Äôm ready to just walk into T-Mobile grab whatever phone they have and call it a day.,4
13844,"""@excitel_rocks After posting all this shit i still know you are not capable to solve this problem. As your local engineers aren't even sensible at all as they are asking me to sit in the wifi room to surf without any disturbance, so if it is coverage issue why the hell it shows """"No Internet""""?""",5
13894,"there‚Äôs no heartbreak like drifting away from a friend you‚Äôve known for most of your life. now that i‚Äôve stopped texting first, there‚Äôs no communication. i thought our friendship meant more than that but i‚Äôm not going to force something that isn‚Äôt there. have to let go i guess",5
13960,"RIP BT ;( anyone else getting issues? Customer support says there's general issues across the whole BT service today, got no phone or internet.",3
13972,"For the first time in six weeks I have no phone messages to respond to, I got all my cases called before court breaks for lunch, and the only work I have in the afternoon is to work on motions, GOD IT FEELS GOOD",5
14025,So high in da hills you get no phone calls,5
14029,@Idea your network in Hinjewadi sucks. Last 1 month had been a headache for me. Every time I have to restart my phone to get the network on 4g. If you can‚Äôt provide service to customers then kindly stop looting us. @TRAI kindly punish them! You can see despite 4g I‚Äôve no internet https://t.co/nfnAFwQ1qK,3
14104,most recent time I was hospitalizedI did lot of self-searching because what else could I dowith no internet ..,6
14144,"""taught my coworkers about vsco girls today and several of them have daughters and one of them was like """"no internet. it is over at age 10.""""""",5
14284,@bt_uk  Wi-fi not working at home. Waited 7 days for an appt then today no one showed up. Just cancelled. No phone call nothing. No appts now until Monday. Absolutely dreadful service. Will anyone even show up next week??,5
14350,Don‚Äôt know if pregsomnia or anxiety but barely slept. No phone call yet. Expecting it literally any time. It‚Äôs just so hard.,5
14367,#GoBackModi the unprecedented pain and suffering of Kashmir ppl with no internet and communication cut off for almost two months and children held in custody I think this anger against Modi is fully justified,1
14431,"Travelling or commuting with no internet? Download magazines to read offline. Get the RB Digital app, all you need is your nycc library card! https://t.co/fD95A0nYjf",5
14454,Indian Railways are like belgaadi because I got stuck in this train (12203-Garib rath exp) which is late by 15 hours and there is no communication why is it? #garibrath #trainno12203 #PiyushGoyal #acchedin @RailMinIndia @RailwaySeva @PiyushGoyal,5
14480,Big Bro: No Internet Surfing In China Without First Scanning Face https://t.co/ZN2Axt3VUz,5
14507,@btbusinesscare no internet in my office and your NET team have been horrendous since Monday. We need an engineer. TODAY!,4
14512,"@VodafoneUK are you going to HELP, ordered phone 22/9 paid ¬£79 11/10,no phone multiple calls and visit to trying to cancel no JOY, no phone no refund you are stealing customer money 21st century seriously is this what you call customer service.",5
14526,@sane_indian @sardesairajdeep My fumble is from Srinagar. But still he is fine and recently he called us thru telephone landline from BSF help and told no to worry and he is taking his school kids with out having any issues even no internet. We are also have faith with govt. Kashmiri‚Äôs not came from moon,5
14574,"And in fact, I tried to send that last night with no internet so it‚Äôs been over 11 days now. Can‚Äôt do food shop online, can‚Äôt pay credit card bills so getting charged interest (!!). Probably best I don‚Äôt continue cos I‚Äôm SO angry. @TalkTalk",4
14604,"My phone fell down a broken vent on a @cathaypacific flight, I was phoneless for days &amp; had to buy a new device for work purposes. THREE WEEKS later they respond saying they refuse to reimburse me for my new phone. Really disappointed in such a prestigious company. https://t.co/suIjOXUGJG",5
14637,"@FabianTijero @scottsantens Like bernie, their plans only affects workers. It doesnt address those who need money to get back on their feet to fix their lives. How can a homeless person find work when they got no phone, no home address, no way to present themselves professionally.",5
14695,Anybody else have no internet since last weekend? HNGGGG,3
14920,@SalimHafezi @SalmanNizami_ @MehboobaMufti @ShayarImran How this Video has been made when there is no mobile service &amp; no internet working ??? Fake Videos,5
15055,@VodkaMuse Cut out booze.  Go outside in the sun. Listen to music. No news. No phone. Empty your head. Pet a dog or a cat. Draw. Get a coloring book. Take a long bath. Do something for someone who has less than you. And DM me if you want. I was right there until Tuesday. Sending you üß° ‚òÆ,5
15148,"Slow to no internet connection in my own apartment?!?!?! Just shoot me in the nuts while ur at it :/ I‚Äôm a Taurus. Next to perfume, this is my most important first world necessity damnit !! https://t.co/ecqSiix2lH",4
15182,"@aavinashchaliha @Fawad__Ahmed @netanyahu It is india where 19 of its states want freedom from it and india is locked down kashmir by imposing curfew.there is no internet,food,medicines. https://t.co/P39YZGhNKx",5
15190,"@h45zmm @Cristiano @piersmorgan Don‚Äôt know that channelBut if I would have known I might have still only now watched it. I took my time for it. No phone, laptop, nothing. Full focus.Not often that I do something like that.",5
15338,I have to work the next three days and I‚Äôm a waitress so no phone at work for me like at all. My boss gets pissed everytime I even ask for a look on my phone. I‚Äôm so gonna miss something @Harry_Styles will do during the next daysü•∫üò≠üò≠,4
15380,"@TimelineAmbush @sonictyrant Ugh. I‚Äôm so sorry I missed this. I had it on my calendar, but I was in an area that literally had no signal or anything and I couldn‚Äôt get Twitter to load.",3
15396,And this is me again. Why a simple task goes to hard task because of a gitlab-ci has no Internet and it has old docker. But I don't have permission for that.,5
15465,@Uber_India I got update saying there is no phone in cab. This my frnd got revert,5
15488,Do NOT use CASH APP.. My cousin used it and found over 3grand missing from his account (bank) and no phone numbers or information to contact. Bank will not refund the funds. No way to track where the money went.  @realDonaldTrump @tedcruz,5
15572,"Too many biased, twist, one-sided and fake voice. What‚Äôs worse? There is no trust, no communication, no even a will to try to understand the opposite site. Tired of this.",5
15686,"@carlghughes¬†Hi Carl, Thanx for ensuring the app is updated. If the device is indicating no internet, we'd recommend checking with your network service provider, or switch from wifi to data. Regards, ^FA",5